City_ID,City,Country,Date,Lat,Lng,Max Temp,Humidity,Cloudiness,Wind Speed
0,Vaini,TO,2021-10-25 22:07:34,-21.2,-175.2,78.96,78,20,10.36
1,Nanortalik,GL,2021-10-25 22:11:19,60.1432,-45.2371,33.76,60,27,7.65
2,Nikolskoye,RU,2021-10-25 22:11:19,59.7035,30.7861,46.87,85,99,9.57
3,Chokurdakh,RU,2021-10-25 22:06:57,70.6333,147.9167,-23.42,100,97,1.77
4,Hithadhoo,MV,2021-10-25 22:11:20,-0.6,73.0833,83.03,71,87,16.71
5,Rikitea,PF,2021-10-25 22:11:20,-23.1203,-134.9692,75.22,72,86,20.02
6,Fort Nelson,CA,2021-10-25 22:08:22,58.8053,-122.7002,29.79,100,90,0.0
7,Develi,TR,2021-10-25 22:11:21,38.3906,35.4922,33.15,83,34,1.66
8,Nanma,CN,2021-10-25 22:11:21,36.1817,118.1583,50.43,70,100,3.42
9,Bredasdorp,ZA,2021-10-25 22:11:21,-34.5322,20.0403,60.28,90,21,11.18
10,Esperance,AU,2021-10-25 22:10:40,-33.8667,121.9,55.27,71,63,6.29
11,Ilulissat,GL,2021-10-25 22:11:22,69.2167,-51.1,15.82,67,0,1.14
12,Tasiilaq,GL,2021-10-25 22:11:22,65.6145,-37.6368,33.96,83,100,9.26
13,Horta,PT,2021-10-25 22:11:23,38.5333,-28.6333,67.03,77,62,17.27
14,Tuatapere,NZ,2021-10-25 22:11:23,-46.1333,167.6833,57.6,92,84,1.74
15,Lebu,CL,2021-10-25 22:11:23,-37.6167,-73.65,54.95,84,7,13.67
16,Colares,PT,2021-10-25 22:11:24,38.7992,-9.4469,62.33,72,0,10.0
17,Tiksi,RU,2021-10-25 22:11:24,71.6872,128.8694,2.41,96,98,5.03
18,Saskylakh,RU,2021-10-25 22:11:24,71.9167,114.0833,-1.98,97,100,2.66
19,Zhigansk,RU,2021-10-25 22:08:54,66.7697,123.3711,22.39,96,100,10.76
20,Bilma,NE,2021-10-25 22:11:25,18.6853,12.9164,81.81,15,0,4.16
21,Carnarvon,AU,2021-10-25 22:11:25,-24.8667,113.6333,62.67,72,90,21.85
22,Busselton,AU,2021-10-25 22:11:25,-33.65,115.3333,41.04,78,100,1.83
23,Bannu,PK,2021-10-25 22:11:25,32.9854,70.6027,66.76,42,0,0.2
24,Kodiak,US,2021-10-25 22:11:26,57.79,-152.4072,44.11,70,75,12.66
25,Mao,ES,2021-10-25 22:11:26,39.8885,4.2658,59.56,88,20,4.61
26,Shunyi,CN,2021-10-25 22:11:26,40.125,116.6453,51.84,87,94,4.47
27,Butaritari,KI,2021-10-25 22:11:27,3.0707,172.7902,81.52,75,7,7.45
28,Cherskiy,RU,2021-10-25 22:07:25,68.75,161.3,-11.16,96,99,2.13
29,Kavaratti,IN,2021-10-25 22:11:27,10.5669,72.642,82.22,74,44,14.18
30,Tual,ID,2021-10-25 22:11:27,-5.6667,132.75,83.08,75,36,7.72
31,Ugoofaaru,MV,2021-10-25 22:11:28,5.6667,73.0,81.63,77,90,10.87
32,East London,ZA,2021-10-25 22:11:28,-33.0153,27.9116,64.58,80,90,14.74
33,Acajutla,SV,2021-10-25 22:11:28,13.5928,-89.8275,93.54,75,31,4.74
34,Baruun-Urt,MN,2021-10-25 22:11:29,46.6806,113.2792,31.05,75,31,5.53
35,Morondava,MG,2021-10-25 22:11:29,-20.2833,44.2833,78.69,65,82,4.09
36,Hermanus,ZA,2021-10-25 22:11:29,-34.4187,19.2345,61.9,86,38,14.67
37,Port Elizabeth,ZA,2021-10-25 22:11:30,-33.918,25.5701,64.09,86,0,11.9
38,Qaanaaq,GL,2021-10-25 22:11:30,77.484,-69.3632,1.99,58,53,13.53
39,Ushuaia,AR,2021-10-25 22:11:30,-54.8,-68.3,35.26,87,40,20.71
40,Vredendal,ZA,2021-10-25 22:11:31,-31.6683,18.5012,71.24,33,57,9.71
41,Arraial Do Cabo,BR,2021-10-25 22:11:31,-22.9661,-42.0278,69.84,85,100,12.19
42,Cape Town,ZA,2021-10-25 22:09:26,-33.9258,18.4232,63.88,63,43,3.0
43,Kedrovyy,RU,2021-10-25 22:11:31,56.1667,91.8167,45.01,77,78,10.56
44,Avarua,CK,2021-10-25 22:11:32,-21.2078,-159.775,77.05,61,75,12.66
45,Castro,BR,2021-10-25 22:11:32,-24.7911,-50.0119,60.94,86,66,3.09
46,Nizhniy Tsasuchey,RU,2021-10-25 22:11:32,50.5167,115.1333,33.35,74,5,14.12
47,Vallenar,CL,2021-10-25 22:11:33,-28.5708,-70.7581,71.65,39,0,6.71
48,Tuktoyaktuk,CA,2021-10-25 22:11:33,69.4541,-133.0374,29.66,96,100,7.34
49,Asfi,MA,2021-10-25 22:11:33,32.2994,-9.2372,67.03,89,53,12.28
50,Bengkulu,ID,2021-10-25 22:07:09,-3.8004,102.2655,74.44,89,100,3.4
51,Olafsvik,IS,2021-10-25 22:11:34,64.8945,-23.7142,35.01,68,63,5.75
52,Mataura,NZ,2021-10-25 22:11:34,-46.1927,168.8643,62.76,70,89,1.99
53,Nizhneangarsk,RU,2021-10-25 22:11:34,55.7833,109.55,33.98,98,100,15.28
54,Chuy,UY,2021-10-25 22:11:35,-33.6971,-53.4616,66.18,74,0,1.19
55,Akyab,MM,2021-10-25 22:11:35,20.15,92.9,76.44,85,38,5.28
56,Mutoko,ZW,2021-10-25 22:11:35,-17.397,32.2268,66.96,62,0,8.19
57,Veraval,IN,2021-10-25 22:11:36,20.9,70.3667,76.12,59,0,11.23
58,Bluff,NZ,2021-10-25 22:11:36,-46.6,168.3333,54.28,87,72,5.19
59,Nantucket,US,2021-10-25 22:11:36,41.2835,-70.0995,66.96,90,100,18.03
60,Aklavik,CA,2021-10-25 22:11:37,68.2191,-135.0107,26.19,93,100,0.43
61,Torbay,CA,2021-10-25 22:11:37,47.6666,-52.7314,41.29,80,90,16.11
62,Henties Bay,NA,2021-10-25 22:11:37,-22.116,14.2845,59.86,90,0,1.36
63,Erenhot,CN,2021-10-25 22:11:38,43.6475,111.9767,37.74,52,0,8.32
64,Maumere,ID,2021-10-25 22:11:38,-8.6199,122.2111,80.69,81,92,4.74
65,Hambantota,LK,2021-10-25 22:11:38,6.1241,81.1185,78.76,84,100,10.76
66,Port Hardy,CA,2021-10-25 22:11:39,50.6996,-127.4199,50.05,83,100,27.67
67,Bambous Virieux,MU,2021-10-25 22:11:39,-20.3428,57.7575,69.22,73,20,17.78
68,Acapulco,MX,2021-10-25 22:11:39,16.8634,-99.8901,82.22,78,75,2.3
69,Rocha,UY,2021-10-25 22:11:39,-34.4833,-54.3333,60.84,74,0,5.39
70,Dongying,CN,2021-10-25 22:11:40,37.4564,118.4856,54.54,62,98,4.34
71,Jamestown,US,2021-10-25 22:09:03,42.097,-79.2353,61.02,87,90,1.99
72,Barrow,US,2021-10-25 22:11:40,71.2906,-156.7887,26.62,86,90,13.8
73,Czluchow,PL,2021-10-25 22:11:41,53.6672,17.3588,41.49,73,100,6.58
74,Albany,US,2021-10-25 22:06:46,42.6001,-73.9662,56.59,90,100,3.27
75,Vagay,RU,2021-10-25 22:11:41,57.9375,69.0217,36.32,97,100,4.81
76,Airai,TL,2021-10-25 22:11:41,-8.9266,125.4092,61.65,73,66,2.21
77,Picayune,US,2021-10-25 22:11:42,30.5255,-89.6795,86.86,68,43,6.46
78,Brest,BY,2021-10-25 22:11:42,52.1,23.7,40.06,61,71,8.28
79,Kapaa,US,2021-10-25 22:07:03,22.0752,-159.319,82.38,83,90,1.99
80,Escanaba,US,2021-10-25 22:11:42,45.7453,-87.0646,49.95,64,75,9.22
81,Rosario,AR,2021-10-25 22:08:54,-32.9468,-60.6393,87.71,30,0,3.44
82,Atuona,PF,2021-10-25 22:11:43,-9.8,-139.0333,77.22,77,19,16.13
83,Coihaique,CL,2021-10-25 22:11:43,-45.5752,-72.0662,46.35,81,90,9.22
84,Doaba,PK,2021-10-25 22:11:44,33.4244,70.7364,59.31,56,0,1.88
85,Gat,IL,2021-10-25 22:11:44,31.61,34.7642,68.4,100,0,2.95
86,Itabira,BR,2021-10-25 22:11:44,-19.6192,-43.2269,67.33,98,91,2.59
87,Honningsvag,NO,2021-10-25 22:11:45,70.9821,25.9704,34.36,77,89,23.13
88,Coquimbo,CL,2021-10-25 22:07:42,-29.9533,-71.3436,58.73,82,75,10.36
89,Kahului,US,2021-10-25 22:07:56,20.8947,-156.47,84.22,68,20,25.32
90,Ribeira Grande,PT,2021-10-25 22:11:45,38.5167,-28.7,68.16,75,64,18.5
91,Alugan,PH,2021-10-25 22:11:45,12.2188,125.4808,79.7,84,99,9.71
92,Lavrentiya,RU,2021-10-25 22:11:46,65.5833,-171.0,17.74,77,100,9.84
93,Ponta Do Sol,PT,2021-10-25 22:11:46,32.6667,-17.1,70.72,71,33,6.76
94,Cariacica,BR,2021-10-25 22:11:47,-20.2639,-40.42,72.79,83,75,11.5
95,Hobart,AU,2021-10-25 22:11:47,-42.8794,147.3294,53.02,65,75,1.99
96,Upernavik,GL,2021-10-25 22:08:36,72.7868,-56.1549,15.21,61,11,5.64
97,Conakry,GN,2021-10-25 22:11:47,9.538,-13.6773,78.37,81,96,8.79
98,Hilo,US,2021-10-25 22:11:48,19.7297,-155.09,89.28,77,40,11.5
99,Vanimo,PG,2021-10-25 22:11:48,-2.6741,141.3028,79.0,86,45,4.97
100,Dire,ML,2021-10-25 22:11:48,12.2833,-10.9667,76.08,88,43,1.19
101,Songjianghe,CN,2021-10-25 22:11:49,42.1859,127.479,36.05,81,82,5.59
102,Yellowknife,CA,2021-10-25 22:11:49,62.456,-114.3525,42.42,94,90,8.05
103,Nagapattinam,IN,2021-10-25 22:11:49,10.7667,79.8333,80.2,80,100,7.67
104,Sikasso,ML,2021-10-25 22:11:50,10.9167,-7.0,78.08,70,88,4.23
105,Atambua,ID,2021-10-25 22:11:50,-9.1061,124.8925,75.13,82,87,3.56
106,Pucallpa,PE,2021-10-25 22:11:50,-8.3791,-74.5539,71.64,78,75,8.05
107,Ixtapa,MX,2021-10-25 22:11:50,20.7,-105.2,84.22,74,90,9.22
108,Port Alfred,ZA,2021-10-25 22:07:21,-33.5906,26.891,62.29,85,20,14.25
109,Kieta,PG,2021-10-25 22:11:51,-6.2167,155.6333,83.53,71,27,0.74
110,Narsaq,GL,2021-10-25 22:11:51,60.9167,-46.05,28.62,49,28,9.82
111,Ballina,AU,2021-10-25 22:11:52,-28.8667,153.5667,71.78,85,64,12.03
112,Conneaut,US,2021-10-25 22:11:52,41.9476,-80.5542,63.97,85,100,5.91
113,Punta Arenas,CL,2021-10-25 22:11:52,-53.15,-70.9167,42.91,65,75,10.36
114,Usinsk,RU,2021-10-25 22:11:52,65.9939,57.5281,7.66,90,21,8.32
115,Kavieng,PG,2021-10-25 22:11:53,-2.5744,150.7967,82.92,71,98,3.56
116,North Bend,US,2021-10-25 22:07:44,43.4065,-124.2243,57.24,96,90,12.66
117,Kruisfontein,ZA,2021-10-25 22:11:53,-34.0033,24.7314,61.88,93,3,4.52
118,Pskov,RU,2021-10-25 22:11:53,57.8136,28.3496,35.51,87,0,4.47
119,Hutchinson,US,2021-10-25 22:08:14,38.0608,-97.9298,58.48,62,1,10.36
120,Caranavi,BO,2021-10-25 22:11:54,-15.8167,-67.55,69.94,53,48,2.75
121,Quatre Cocos,MU,2021-10-25 22:11:54,-20.2078,57.7625,69.1,74,23,17.22
122,Santarem,BR,2021-10-25 22:11:55,-2.4431,-54.7083,80.73,94,0,2.3
123,New Norfolk,AU,2021-10-25 22:11:55,-42.7826,147.0587,52.66,58,20,1.01
124,Saldanha,ZA,2021-10-25 22:11:55,-33.0117,17.9442,61.9,75,55,11.23
125,Batticaloa,LK,2021-10-25 22:11:56,7.7102,81.6924,78.87,83,97,6.91
126,Beringovskiy,RU,2021-10-25 22:11:56,63.05,179.3167,13.21,73,100,5.48
127,Vardo,NO,2021-10-25 22:11:56,70.3705,31.1107,32.2,78,100,23.2
128,Hospet,IN,2021-10-25 22:11:56,15.2667,76.4,70.63,67,63,7.4
129,Puerto Ayora,EC,2021-10-25 22:10:35,-0.7393,-90.3518,73.36,93,55,4.0
130,Hampton,US,2021-10-25 22:09:41,37.0299,-76.3452,72.01,83,90,5.75
131,Nador,MA,2021-10-25 22:11:57,35.174,-2.9287,66.45,72,0,4.61
132,Solnechnyy,RU,2021-10-25 22:11:57,50.7214,136.6319,33.87,79,21,4.74
133,Aitape,PG,2021-10-25 22:11:58,-3.1374,142.3475,80.98,78,31,3.91
134,Aswan,EG,2021-10-25 22:11:58,24.0934,32.907,74.84,29,0,10.74
135,Provideniya,RU,2021-10-25 22:11:58,64.3833,-173.3,21.31,58,90,4.47
136,Belmonte,BR,2021-10-25 22:11:59,-15.8631,-38.8828,77.5,91,100,7.54
137,Bethel,US,2021-10-25 22:07:16,41.3712,-73.414,69.73,84,90,9.22
138,Monte Alegre De Sergipe,BR,2021-10-25 22:11:59,-10.0272,-37.5622,76.5,66,6,16.84
139,Rapid Valley,US,2021-10-25 22:11:59,44.0625,-103.1463,71.42,48,1,1.99
140,Deputatskiy,RU,2021-10-25 22:12:00,69.3,139.9,-2.78,99,99,0.76
141,Touros,BR,2021-10-25 22:12:00,-5.1989,-35.4608,81.5,72,1,16.44
142,Lethem,GY,2021-10-25 22:12:00,3.3803,-59.7968,80.06,81,99,7.96
143,Kumluca,TR,2021-10-25 22:12:01,36.3703,30.2869,66.74,58,86,4.56
144,Kostrzyn,PL,2021-10-25 22:12:01,52.3985,17.2281,43.68,76,100,5.01
145,Vagur,FO,2021-10-25 22:12:02,61.4732,-6.8119,46.54,84,99,16.17
146,Katsuura,JP,2021-10-25 22:09:14,35.1333,140.3,57.22,94,100,24.7
147,Seymchan,RU,2021-10-25 22:12:03,62.8833,152.4333,0.05,93,19,0.58
148,Gwadar,PK,2021-10-25 22:12:03,25.1216,62.3254,77.45,72,0,3.29
149,Souillac,MU,2021-10-25 22:08:08,-20.5167,57.5167,69.37,76,24,16.67
150,Chernyshevskiy,RU,2021-10-25 22:12:04,63.0128,112.4714,28.74,95,100,8.28
151,Creston,US,2021-10-25 22:12:04,41.0586,-94.3614,54.54,71,1,8.05
152,Vung Tau,VN,2021-10-25 22:12:04,10.346,107.0843,78.1,88,100,4.27
153,Brigantine,US,2021-10-25 22:12:05,39.4101,-74.3646,74.48,87,20,5.75
154,Pangnirtung,CA,2021-10-25 22:12:05,66.1451,-65.7125,22.59,62,58,2.46
155,Dumai,ID,2021-10-25 22:12:05,1.6833,101.45,72.27,99,89,1.77
156,Potsdam,DE,2021-10-25 22:12:05,52.3989,13.0657,47.1,91,92,5.44
157,Kushima,JP,2021-10-25 22:12:06,31.4583,131.2333,49.12,89,4,4.16
158,Okha,RU,2021-10-25 22:12:06,53.5739,142.9478,35.58,85,10,7.14
159,Naze,JP,2021-10-25 22:12:06,28.3667,129.4833,67.12,64,0,9.75
160,Tura,IN,2021-10-25 22:12:07,25.5198,90.2201,65.75,92,0,2.89
161,Shingu,JP,2021-10-25 22:12:07,33.7333,135.9833,58.33,87,85,6.13
162,Praia,CV,2021-10-25 22:08:42,14.9215,-23.5087,79.34,83,40,16.11
163,Vostok,RU,2021-10-25 22:12:08,46.4856,135.8833,32.58,77,2,4.61
164,Moctezuma,MX,2021-10-25 22:12:08,29.8,-109.6667,88.75,22,0,10.25
165,Vestmannaeyjar,IS,2021-10-25 22:12:08,63.4427,-20.2734,41.31,82,100,4.76
166,Husavik,IS,2021-10-25 22:12:09,66.0449,-17.3389,30.02,79,78,6.06
167,Luderitz,NA,2021-10-25 22:12:09,-26.6481,15.1594,57.2,89,4,4.79
168,Palmas Bellas,PA,2021-10-25 22:12:09,9.2319,-80.0867,86.4,83,100,5.19
169,Sitio Novo Do Tocantins,BR,2021-10-25 22:12:10,-5.5183,-47.4611,83.77,64,74,2.51
170,Hasaki,JP,2021-10-25 22:07:51,35.7333,140.8333,57.6,89,100,35.59
171,Cayenne,GF,2021-10-25 22:12:10,4.9333,-52.3333,77.09,91,75,3.0
172,Prince Rupert,CA,2021-10-25 22:12:10,54.3161,-130.3201,51.12,72,100,3.24
173,Witten,DE,2021-10-25 22:12:11,51.4333,7.3333,53.53,86,100,7.87
174,Cabo San Lucas,MX,2021-10-25 22:12:07,22.8909,-109.9124,88.61,57,1,14.97
175,Mweka,CD,2021-10-25 22:12:11,-4.85,21.5667,68.56,98,95,1.97
176,Praia Da Vitoria,PT,2021-10-25 22:12:11,38.7333,-27.0667,68.76,81,54,13.8
177,Thompson,CA,2021-10-25 22:12:12,55.7435,-97.8558,40.42,62,72,9.69
178,Tazmalt,DZ,2021-10-25 22:12:12,36.3868,4.3989,59.41,87,68,2.42
179,Muswellbrook,AU,2021-10-25 22:12:12,-32.2667,150.9,62.42,60,65,4.7
180,Aksarka,RU,2021-10-25 22:12:13,66.5606,67.7975,16.05,89,95,4.23
181,Jacareacanga,BR,2021-10-25 22:12:13,-6.2222,-57.7528,83.37,63,83,1.66
182,Tres Arroyos,AR,2021-10-25 22:08:21,-38.3739,-60.2798,58.59,46,61,10.76
183,Tabou,CI,2021-10-25 22:12:13,4.423,-7.3528,78.04,81,100,8.66
184,Mar Del Plata,AR,2021-10-25 22:09:52,-38.0023,-57.5575,62.62,52,0,7.0
185,Kaeo,NZ,2021-10-25 22:12:14,-35.1,173.7833,72.32,82,30,5.1
186,Puerto Escondido,MX,2021-10-25 22:12:14,15.85,-97.0667,86.83,58,40,5.75
187,Nyaunglebin,MM,2021-10-25 22:12:14,17.95,96.7333,72.05,95,12,3.49
188,Zapolyarnyy,RU,2021-10-25 22:12:15,69.4154,30.8136,24.08,92,100,4.36
189,Sao Filipe,CV,2021-10-25 22:12:15,14.8961,-24.4956,79.11,75,33,9.37
190,Marrakesh,MA,2021-10-25 22:12:15,31.6315,-8.0083,68.07,64,20,4.61
191,Tomohon,ID,2021-10-25 22:12:16,1.3346,124.8392,65.34,83,43,1.23
192,Sabinas,MX,2021-10-25 22:10:00,27.85,-101.1167,94.8,25,0,12.73
193,Mount Isa,AU,2021-10-25 22:12:16,-20.7333,139.5,82.17,34,4,0.0
194,Cockburn Town,TC,2021-10-25 22:12:16,21.4612,-71.1419,82.9,74,19,14.99
195,Shakhtinsk,KZ,2021-10-25 22:12:17,49.71,72.5872,38.53,49,100,8.68
196,Olbia,IT,2021-10-25 22:12:17,40.9214,9.4856,57.25,94,0,2.3
197,Itau De Minas,BR,2021-10-25 22:12:17,-20.7394,-46.7522,74.26,70,73,1.57
198,San Cristobal,VE,2021-10-25 22:12:18,7.7669,-72.225,77.18,94,89,2.75
199,Iqaluit,CA,2021-10-25 22:12:18,63.7506,-68.5145,31.69,82,74,4.0
200,Caravelas,BR,2021-10-25 22:12:18,-17.7125,-39.2481,75.04,94,100,3.0
201,Cortez,US,2021-10-25 22:12:18,37.3489,-108.5859,75.52,27,1,16.11
202,Mahebourg,MU,2021-10-25 22:12:19,-20.4081,57.7,69.26,74,17,18.14
203,Clarksdale,US,2021-10-25 22:12:19,34.2001,-90.5709,73.9,56,1,11.5
204,Mitsamiouli,KM,2021-10-25 22:12:20,-11.3847,43.2844,79.03,83,15,14.83
205,Jalu,LY,2021-10-25 22:12:20,29.0331,21.5482,75.31,33,35,13.02
206,Galesong,ID,2021-10-25 22:12:20,-5.3166,119.3661,75.22,76,99,4.36
207,Tahlequah,US,2021-10-25 22:11:16,35.9154,-94.97,67.3,63,1,3.44
208,San Patricio,US,2021-10-25 22:07:42,28.017,-97.5169,92.12,58,94,11.61
209,Broken Hill,AU,2021-10-25 22:12:21,-31.95,141.4333,62.22,22,0,11.25
210,Cuiluan,CN,2021-10-25 22:12:21,47.72,128.648,40.98,92,100,3.53
211,Vostochnyy,RU,2021-10-25 22:12:21,55.8167,37.8667,32.18,75,10,10.8
212,Catio,GW,2021-10-25 22:12:22,11.2833,-15.25,79.16,86,100,4.7
213,Kalakamati,BW,2021-10-25 22:12:22,-20.5929,27.3121,60.58,82,60,11.65
214,Sile,TR,2021-10-25 22:12:22,41.1754,29.6133,56.57,54,90,5.01
215,Warrnambool,AU,2021-10-25 22:12:23,-38.3833,142.4833,53.82,74,33,7.29
216,Sao Domingos,BR,2021-10-25 22:12:23,-13.3983,-46.3183,77.99,66,91,4.38
217,Chapais,CA,2021-10-25 22:12:23,49.7834,-74.8492,38.17,74,100,4.88
218,Samarai,PG,2021-10-25 22:12:24,-10.6167,150.6667,82.62,75,39,8.93
219,Severo-Kurilsk,RU,2021-10-25 22:08:58,50.6789,156.125,42.98,70,3,9.78
220,Sioux Lookout,CA,2021-10-25 22:10:21,50.1001,-91.917,41.72,63,18,5.21
221,Bouloupari,NC,2021-10-25 22:12:24,-21.8667,166.05,76.91,59,0,3.0
222,Saint George,US,2021-10-25 22:12:25,37.1041,-113.5841,81.07,23,20,11.99
223,Port-Gentil,GA,2021-10-25 22:12:25,-0.7193,8.7815,75.94,93,100,9.04
224,Tamale,GH,2021-10-25 22:12:25,9.4008,-0.8393,80.8,69,48,5.01
225,Asau,RO,2021-10-25 22:09:24,46.4333,26.4,34.75,69,0,2.44
226,Kaitangata,NZ,2021-10-25 22:08:17,-46.2817,169.8464,55.15,83,100,6.87
227,Georgetown,MY,2021-10-25 22:10:48,5.4112,100.3354,80.53,89,20,0.0
228,Karauli,IN,2021-10-25 22:12:26,26.5,77.0167,71.08,65,3,5.55
229,Nouadhibou,MR,2021-10-25 22:12:26,20.931,-17.0347,70.21,76,100,18.57
230,Saint-Philippe,RE,2021-10-25 22:12:26,-21.3585,55.7679,72.95,82,42,12.19
231,Xining,CN,2021-10-25 22:10:51,36.6167,101.7667,35.37,94,100,3.13
232,Lorengau,PG,2021-10-25 22:12:27,-2.0226,147.2712,83.48,71,42,4.43
233,Saint-Pierre,RE,2021-10-25 22:12:27,-21.3393,55.4781,73.04,78,0,8.05
234,Mangrol,IN,2021-10-25 22:12:27,21.1167,70.1167,76.17,57,0,10.04
235,Klaksvik,FO,2021-10-25 22:12:28,62.2266,-6.589,43.72,80,100,13.87
236,Chastyye,RU,2021-10-25 22:12:28,57.2888,54.9728,26.8,82,7,7.87
237,Caucaia,BR,2021-10-25 22:12:28,-3.7361,-38.6531,82.35,72,0,11.5
238,Lydenburg,ZA,2021-10-25 22:12:29,-25.0978,30.4597,60.4,92,100,1.45
239,Puro,PH,2021-10-25 22:12:29,12.4841,123.3827,79.05,86,100,9.1
240,Te Anau,NZ,2021-10-25 22:12:29,-45.4167,167.7167,60.85,77,63,2.89
241,Astana,KZ,2021-10-25 22:12:30,51.1801,71.446,39.15,75,0,13.42
242,Alta Floresta,BR,2021-10-25 22:12:30,-9.8756,-56.0861,78.03,72,97,3.87
243,Mackay,AU,2021-10-25 22:12:30,-21.15,149.2,78.67,67,93,9.6
244,Marsa Matruh,EG,2021-10-25 22:12:31,31.3525,27.2453,70.12,78,14,9.53
245,Viedma,AR,2021-10-25 22:08:09,-40.8135,-62.9967,70.81,21,72,5.75
246,Udachnyy,RU,2021-10-25 22:12:31,66.4167,112.4,20.43,95,100,5.93
247,Clyde River,CA,2021-10-25 22:12:31,70.4692,-68.5914,16.59,74,40,5.57
248,Inirida,CO,2021-10-25 22:12:32,3.8653,-67.9239,75.58,97,100,2.37
249,Lugazi,UG,2021-10-25 22:12:32,0.3772,32.9197,63.97,92,83,1.92
250,Burnie,AU,2021-10-25 22:12:32,-41.0667,145.9167,51.21,62,0,5.41
251,Eregli,TR,2021-10-25 22:12:33,37.5133,34.0467,44.37,73,81,2.53
252,Sistranda,NO,2021-10-25 22:12:33,63.7256,8.834,49.89,84,100,8.46
253,Dikson,RU,2021-10-25 22:12:33,73.5069,80.5464,13.8,83,100,16.75
254,Fairbanks,US,2021-10-25 22:10:45,64.8378,-147.7164,31.1,91,90,0.0
255,Eyl,SO,2021-10-25 22:12:34,7.9803,49.8164,77.67,77,63,5.5
256,Loksa,EE,2021-10-25 22:12:34,59.5764,25.7214,48.92,79,100,14.5
257,Paamiut,GL,2021-10-25 22:12:34,61.994,-49.6678,37.09,58,30,13.15
258,Russell,US,2021-10-25 22:12:35,32.3502,-85.1999,81.68,70,75,4.61
259,Alyangula,AU,2021-10-25 22:12:35,-13.8483,136.4192,80.73,75,70,5.39
260,Takoradi,GH,2021-10-25 22:12:35,4.8845,-1.7554,78.17,88,76,9.95
261,Sobolevo,RU,2021-10-25 22:12:36,54.4299,31.8996,34.14,74,76,11.23
262,Fortuna,US,2021-10-25 22:12:36,40.5982,-124.1573,63.91,63,75,1.01
263,Khatanga,RU,2021-10-25 22:12:36,71.9667,102.5,5.47,96,100,7.9
264,Yerbogachen,RU,2021-10-25 22:12:37,61.2767,108.0108,31.51,98,100,6.96
265,Cairns,AU,2021-10-25 22:12:37,-16.9167,145.7667,82.94,72,40,8.05
266,Le Vauclin,MQ,2021-10-25 22:12:37,14.5452,-60.8388,82.45,69,40,13.8
267,Ca Mau,VN,2021-10-25 22:12:27,9.1769,105.15,75.81,94,97,4.25
268,Longyearbyen,SJ,2021-10-25 22:12:38,78.2186,15.6401,19.24,68,20,18.41
269,Grand Gaube,MU,2021-10-25 22:12:38,-20.0064,57.6608,69.39,81,8,1.99
270,San Pedro,PH,2021-10-25 22:07:40,14.35,121.0167,78.1,84,67,7.25
271,Teya,RU,2021-10-25 22:09:00,60.3778,92.6267,28.56,82,98,9.6
272,Borogontsy,RU,2021-10-25 22:12:39,62.6683,131.1683,25.9,98,100,2.93
273,Khor,RU,2021-10-25 22:12:39,47.8861,134.9464,37.47,76,28,4.81
274,Victoria,HK,2021-10-25 22:12:39,22.2855,114.1577,75.33,77,99,1.99
275,Nhamunda,BR,2021-10-25 22:12:40,-2.1861,-56.7131,84.47,58,38,2.55
276,Oranjemund,NA,2021-10-25 22:12:40,-28.55,16.4333,58.8,87,94,7.29
277,The Valley,AI,2021-10-25 22:12:40,18.217,-63.0578,82.81,74,20,11.5
278,Jodar,ES,2021-10-25 22:12:41,37.8406,-3.3526,59.49,45,92,1.5
279,Matucana,PE,2021-10-25 22:12:41,-11.85,-76.4,65.07,58,60,7.76
280,Pangai,TO,2021-10-25 22:12:41,-19.8,-174.35,75.45,74,100,18.05
281,Yashan,CN,2021-10-25 22:12:42,22.1975,109.9419,62.91,78,23,3.96
282,Svetlaya,RU,2021-10-25 22:12:12,46.5389,138.3297,44.64,60,0,5.53
283,Buritizeiro,BR,2021-10-25 22:12:42,-17.3511,-44.9622,78.49,69,100,1.79
284,Ancud,CL,2021-10-25 22:12:42,-41.8697,-73.8203,54.43,94,100,14.61
285,Waingapu,ID,2021-10-25 22:12:43,-9.6567,120.2641,79.48,81,79,3.49
286,Broome,US,2021-10-25 22:12:43,42.2506,-75.833,66.58,69,1,4.0
287,Maltahohe,NA,2021-10-25 22:12:43,-24.8333,16.9833,63.54,37,0,8.03
288,Srednekolymsk,RU,2021-10-25 22:12:44,67.45,153.6833,-7.74,99,84,4.92
289,Bay City,US,2021-10-25 22:12:44,43.5945,-83.8889,48.69,90,90,17.27
290,Bodrum,TR,2021-10-25 22:12:44,37.0383,27.4292,63.88,55,69,7.0
291,Banjar,ID,2021-10-25 22:12:45,-8.19,114.9675,76.91,91,91,4.41
292,Gao,ML,2021-10-25 22:12:45,16.6362,1.637,87.21,11,7,8.75
293,Kudahuvadhoo,MV,2021-10-25 22:12:45,2.6708,72.8944,82.38,76,97,16.08
294,Pisco,PE,2021-10-25 22:12:46,-13.7,-76.2167,64.45,72,0,19.57
295,Pevek,RU,2021-10-25 22:12:46,69.7008,170.3133,-1.12,96,100,4.18
296,Payson,US,2021-10-25 22:12:46,40.0444,-111.7321,70.25,33,75,15.99
297,Wajid,SO,2021-10-25 22:12:46,3.8093,43.2471,75.9,75,61,15.3
298,Santa Maria,BR,2021-10-25 22:12:47,-29.6842,-53.8069,65.88,66,0,4.85
299,Tahoua,NE,2021-10-25 22:12:47,14.8888,5.2692,86.74,13,44,7.9
300,Nome,US,2021-10-25 22:08:12,64.5011,-165.4064,26.67,74,75,13.8
301,La Asuncion,VE,2021-10-25 22:12:48,11.0333,-63.8628,79.79,83,99,16.69
302,Sorland,NO,2021-10-25 22:12:48,67.667,12.6934,47.71,95,100,18.48
303,Mahibadhoo,MV,2021-10-25 22:12:48,3.7833,72.9667,81.39,79,100,16.75
304,Fare,PF,2021-10-25 22:12:48,-16.7,-151.0167,78.39,76,100,3.4
305,Ladario,BR,2021-10-25 22:12:49,-19.0047,-57.6017,80.69,36,64,3.89
306,San Ramon,US,2021-10-25 22:12:47,37.7799,-121.978,65.44,66,40,4.0
307,Zhuanghe,CN,2021-10-25 22:12:49,39.7008,122.9911,55.02,83,94,6.8
308,Necochea,AR,2021-10-25 22:12:50,-38.5473,-58.7368,58.03,65,19,4.29
309,Berlevag,NO,2021-10-25 22:12:50,70.8578,29.0864,33.12,82,95,25.59
310,Nemuro,JP,2021-10-25 22:12:50,43.3236,145.575,54.03,84,100,7.94
311,Vila Velha,BR,2021-10-25 22:12:50,-20.3297,-40.2925,73.35,83,75,11.5
312,Juybar,IR,2021-10-25 22:12:51,36.6412,52.9124,61.74,79,47,3.06
313,Kasongo-Lunda,CD,2021-10-25 22:12:51,-6.4667,16.8167,69.13,99,87,0.47
314,Bereda,ES,2021-10-25 22:12:51,43.2686,-7.5406,48.92,100,13,1.92
315,Monze,ZM,2021-10-25 22:12:52,-16.2833,27.4833,78.08,36,38,8.12
316,Forest Grove,US,2021-10-25 22:12:52,45.5198,-123.1107,55.42,81,90,3.0
317,Riviere-Du-Loup,CA,2021-10-25 22:12:52,47.8304,-69.5342,42.66,81,100,3.42
318,Cotonou,BJ,2021-10-25 22:12:53,6.3654,2.4183,81.28,83,93,10.65
319,Port Hueneme,US,2021-10-25 22:12:53,34.1478,-119.1951,63.48,90,90,14.97
320,Constitucion,CL,2021-10-25 22:12:53,-35.3333,-72.4167,63.0,67,73,18.07
321,Walvis Bay,NA,2021-10-25 22:12:54,-22.9575,14.5053,60.1,87,0,2.33
322,Portland,US,2021-10-25 22:11:11,45.5234,-122.6762,55.9,84,90,1.99
323,Faanui,PF,2021-10-25 22:12:54,-16.4833,-151.75,76.89,84,97,7.43
324,Coahuayana,MX,2021-10-25 22:12:54,18.7333,-103.6833,90.88,71,100,3.09
325,Ketchikan,US,2021-10-25 22:12:50,55.3422,-131.6461,48.67,76,90,0.0
326,Izhmorskiy,RU,2021-10-25 22:12:55,56.194,86.6414,37.67,87,100,4.54
327,Espanola,US,2021-10-25 22:12:55,35.9911,-106.0806,80.08,18,0,16.4
328,Beni,CD,2021-10-25 22:12:55,0.5,29.4667,61.36,98,84,2.75
329,Talnakh,RU,2021-10-25 22:12:56,69.4865,88.3972,16.41,96,100,6.62
330,Vila Franca Do Campo,PT,2021-10-25 22:12:56,37.7167,-25.4333,66.61,78,30,4.94
331,Oleiros,ES,2021-10-25 22:12:56,43.3333,-8.3167,54.75,90,0,4.61
332,Inuvik,CA,2021-10-25 22:12:57,68.3499,-133.7218,27.41,96,99,1.39
333,Abu Samrah,SY,2021-10-25 22:12:57,35.3029,37.1841,63.99,59,60,3.42
334,Ouesso,CG,2021-10-25 22:12:57,1.6136,16.0517,71.1,98,55,2.1
335,Okhotsk,RU,2021-10-25 22:12:57,59.3833,143.3,19.6,82,58,7.38
336,Orlik,RU,2021-10-25 22:12:58,52.5178,99.825,26.58,75,28,3.47
337,Rio Grande,BR,2021-10-25 22:10:53,-32.035,-52.0986,78.91,73,0,9.01
338,Kemi,FI,2021-10-25 22:12:58,65.8596,24.8228,33.57,100,90,2.3
339,Victor Harbor,AU,2021-10-25 22:12:58,-35.5667,138.6167,68.72,40,9,11.21
340,Sao Bernardo Do Campo,BR,2021-10-25 22:12:59,-23.6939,-46.565,66.02,91,99,5.44
341,Los Llanos De Aridane,ES,2021-10-25 22:12:59,28.6585,-17.9182,67.75,77,75,4.0
342,Neftegorsk,RU,2021-10-25 22:12:59,52.802,51.166,30.36,77,9,8.25
343,Nisia Floresta,BR,2021-10-25 22:13:00,-6.0911,-35.2086,81.41,69,14,11.88
344,Alice Springs,AU,2021-10-25 22:13:00,-23.7,133.8833,78.35,47,10,8.05
345,Lompoc,US,2021-10-25 22:13:00,34.6391,-120.4579,66.56,76,40,14.97
346,Cervo,ES,2021-10-25 22:13:01,43.6702,-7.4101,52.97,86,5,4.79
347,Killarney,IE,2021-10-25 22:13:01,52.05,-9.5167,50.25,92,100,5.86
348,Forbes,AU,2021-10-25 22:13:02,-33.3833,148.0167,58.6,37,0,2.8
349,Gornopravdinsk,RU,2021-10-25 22:13:03,60.05,69.9,34.07,99,100,3.67
350,Sinnamary,GF,2021-10-25 22:13:03,5.3833,-52.95,77.72,90,100,9.91
351,Cap Malheureux,MU,2021-10-25 22:13:03,-19.9842,57.6142,69.48,81,6,1.99
352,Pontianak,ID,2021-10-25 22:13:04,-0.0333,109.3333,78.78,94,90,3.44
353,Ishigaki,JP,2021-10-25 22:13:04,24.3448,124.1572,77.23,63,76,19.33
354,Belaya Gora,RU,2021-10-25 22:12:17,68.5333,146.4167,-6.07,99,88,2.01
355,Znamenskoye,RU,2021-10-25 22:13:04,57.1281,73.8282,38.44,96,100,8.77
356,Goalpara,IN,2021-10-25 22:13:05,26.1667,90.6167,69.21,92,0,1.99
357,Sretensk,RU,2021-10-25 22:13:05,52.2453,117.7093,29.79,92,7,3.94
358,Vanavara,RU,2021-10-25 22:13:05,60.34,102.2797,37.71,96,100,16.08
359,Lagoa,PT,2021-10-25 22:13:06,39.05,-27.9833,67.41,72,2,11.16
360,Ust-Ilimsk,RU,2021-10-25 22:13:06,58.0006,102.6619,42.51,76,82,18.25
361,Lincoln,US,2021-10-25 22:08:17,40.8,-96.667,56.64,61,1,5.01
362,Ust-Nera,RU,2021-10-25 22:13:07,64.5667,143.2,4.82,99,97,2.8
363,Chamonix-Mont-Blanc,FR,2021-10-25 22:13:07,45.9238,6.8693,44.82,93,9,2.19
364,Sandakan,MY,2021-10-25 22:13:07,5.8402,118.1179,75.11,94,84,4.0
365,Sibolga,ID,2021-10-25 22:13:08,1.7427,98.7792,75.52,88,100,2.55
366,Sur,OM,2021-10-25 22:13:08,22.5667,59.5289,80.47,66,0,7.31
367,Nishihara,JP,2021-10-25 22:13:08,26.1842,127.7558,70.88,75,20,5.75
368,Havre-Saint-Pierre,CA,2021-10-25 22:13:09,50.2334,-63.5986,43.81,66,86,8.95
369,Eureka,US,2021-10-25 22:13:09,40.8021,-124.1637,64.18,66,62,7.0
370,Road Town,VG,2021-10-25 22:13:09,18.4167,-64.6167,83.19,78,40,8.05
371,Naifaru,MV,2021-10-25 22:13:10,5.4444,73.3657,81.68,77,91,10.85
372,Raga,SS,2021-10-25 22:13:10,8.4596,25.678,75.31,78,83,4.25
373,Kadipaten,ID,2021-10-25 22:13:10,-8.1357,113.2158,75.18,88,96,1.99
374,Lata,PT,2021-10-25 22:13:11,40.1629,-8.3327,58.82,93,0,2.71
375,Gisborne,NZ,2021-10-25 22:13:11,-38.6533,178.0042,72.95,70,23,3.36
376,Arman,RU,2021-10-25 22:13:11,59.7,150.1667,23.18,70,99,3.27
377,Dromolaxia,CY,2021-10-25 22:13:11,34.8761,33.586,67.66,68,0,5.75
378,Ostrovnoy,RU,2021-10-25 22:13:12,68.0531,39.5131,20.48,95,64,6.44
379,Kyren,RU,2021-10-25 22:12:14,51.6828,102.1408,35.15,63,33,2.93
380,Gelibolu,TR,2021-10-25 22:13:12,40.4103,26.6708,53.46,62,62,18.1
381,Mwinilunga,ZM,2021-10-25 22:13:13,-11.7358,24.4293,62.83,95,98,3.33
382,Rogers,US,2021-10-25 22:10:35,36.3668,-95.5836,64.96,55,1,6.91
383,Yar-Sale,RU,2021-10-25 22:13:13,66.8333,70.8333,18.72,91,95,5.21
384,Padang,ID,2021-10-25 22:13:13,-0.9492,100.3543,76.8,87,95,2.53
385,Avera,US,2021-10-25 22:13:14,33.194,-82.5271,80.71,72,73,8.25
386,Hovd,MN,2021-10-25 22:13:14,48.0056,91.6419,32.85,52,9,0.65
387,Sanawad,IN,2021-10-25 22:13:14,22.1833,76.0667,72.03,63,15,2.71
388,Tupelo,US,2021-10-25 22:12:07,34.2576,-88.7034,76.98,56,1,12.66
389,Kushmurun,KZ,2021-10-25 22:13:15,52.4503,64.6311,39.34,94,100,13.35
390,Goderich,CA,2021-10-25 22:13:15,43.7501,-81.7165,44.91,89,100,24.81
391,Asosa,ET,2021-10-25 22:13:15,10.0667,34.5333,63.52,69,42,4.99
392,Pestovo,RU,2021-10-25 22:13:16,58.5938,35.8024,37.81,87,100,10.96
393,Lakes Entrance,AU,2021-10-25 22:13:16,-37.8811,147.981,59.16,65,44,2.37
394,Amga,RU,2021-10-25 22:13:16,60.8953,131.9608,29.79,99,100,2.66
395,Neryungri,RU,2021-10-25 22:13:17,56.6709,124.6491,25.61,97,100,3.22
396,Vangaindrano,MG,2021-10-25 22:13:17,-23.35,47.6,72.14,90,4,3.67
397,Bonavista,CA,2021-10-25 22:13:17,48.6499,-53.1147,41.11,64,93,20.45
398,Alofi,NU,2021-10-25 22:13:18,-19.0595,-169.9187,77.05,73,44,16.24
399,San Antonio,US,2021-10-25 22:13:18,29.4241,-98.4936,92.39,62,20,8.05
400,Along,IN,2021-10-25 22:13:18,28.1667,94.7667,60.71,97,22,2.19
401,Lac Du Bonnet,CA,2021-10-25 22:13:19,50.2536,-96.0612,48.58,51,5,10.27
402,Vihari,PK,2021-10-25 22:13:19,30.0333,72.35,65.25,50,0,2.24
403,Bilibino,RU,2021-10-25 22:13:19,68.0546,166.4372,-14.48,94,98,2.39
404,Chivasso,IT,2021-10-25 22:13:20,45.1894,7.8872,54.25,81,75,4.61
405,Koumac,NC,2021-10-25 22:09:29,-20.5667,164.2833,77.27,59,8,2.77
406,Narasannapeta,IN,2021-10-25 22:13:20,18.4167,84.05,72.1,81,2,4.54
407,Mogadishu,SO,2021-10-25 22:13:20,2.0371,45.3438,79.07,81,36,9.91
408,Homer,US,2021-10-25 22:13:21,59.6425,-151.5483,42.69,77,40,5.75
409,Dunedin,NZ,2021-10-25 22:13:21,-45.8742,170.5036,54.68,86,100,9.08
410,San Policarpo,PH,2021-10-25 22:13:21,12.1791,125.5072,80.1,83,99,10.04
411,Mattawa,US,2021-10-25 22:13:22,46.7379,-119.9028,63.12,41,97,18.99
412,Denpasar,ID,2021-10-25 22:13:22,-8.65,115.2167,76.71,88,40,1.14
413,Kloulklubed,PW,2021-10-25 22:13:22,7.0419,134.2556,77.5,61,27,8.25
414,Cidreira,BR,2021-10-25 22:13:23,-30.1811,-50.2056,66.0,78,0,8.84
415,Nanakuli,US,2021-10-25 22:13:23,21.3906,-158.1547,87.75,49,75,12.66
416,Salisbury,GB,2021-10-25 22:13:23,51.0693,-1.7957,53.47,94,0,2.3
417,Derzhavinsk,KZ,2021-10-25 22:13:23,51.1,66.3167,46.58,54,100,13.82
418,Jiaozuo,CN,2021-10-25 22:13:24,35.2397,113.2331,58.59,63,100,4.56
419,Agadir,MA,2021-10-25 22:13:24,30.4202,-9.5982,64.85,85,0,6.24
420,Huilong,CN,2021-10-25 22:13:24,31.8111,121.655,64.99,70,64,2.68
421,Gigmoto,PH,2021-10-25 22:13:25,13.7796,124.39,80.51,83,99,8.5
422,Markivka,UA,2021-10-25 22:13:25,49.5229,39.5705,32.16,59,8,1.72
423,Biak,ID,2021-10-25 22:13:25,-0.9131,122.8766,76.68,85,100,0.25
424,Tomatlan,MX,2021-10-25 22:13:26,19.9333,-105.25,81.41,80,100,1.21
425,Poum,NC,2021-10-25 22:13:26,-20.2333,164.0167,76.01,68,6,15.97
426,Comodoro Rivadavia,AR,2021-10-25 22:13:20,-45.8667,-67.5,60.66,31,0,21.85
427,Labuan,MY,2021-10-25 22:09:19,5.2767,115.2417,77.16,80,99,8.14
428,Sao Joao Da Barra,BR,2021-10-25 22:13:26,-21.6403,-41.0511,71.28,85,99,9.95
429,Goianesia,BR,2021-10-25 22:13:27,-15.3175,-49.1175,76.03,75,96,4.68
430,Becerril,CO,2021-10-25 22:13:27,9.7041,-73.2793,81.93,84,75,3.18
431,Roald,NO,2021-10-25 22:13:27,62.5833,6.1333,50.32,76,90,11.5
432,Bad Hofgastein,AT,2021-10-25 22:12:09,47.1667,13.1,45.34,90,100,2.86
433,Bavly,RU,2021-10-25 22:13:28,54.393,53.2602,28.85,78,19,6.11
434,Mataram,ID,2021-10-25 22:13:28,-8.5833,116.1167,77.81,79,94,5.1
435,College,US,2021-10-25 22:13:28,64.8569,-147.8028,30.58,91,90,0.0
436,Ende,ID,2021-10-25 22:13:29,-8.8432,121.6623,79.11,87,74,2.39
437,Kidal,ML,2021-10-25 22:09:38,18.4411,1.4078,88.0,13,81,5.88
438,Preobrazheniye,RU,2021-10-25 22:13:29,42.9019,133.9064,47.12,80,31,4.94
439,Hualmay,PE,2021-10-25 22:13:29,-11.0964,-77.6139,66.36,74,37,9.01
440,Xuanzhou,CN,2021-10-25 22:13:30,30.9525,118.7553,53.37,86,5,1.99
441,Varhaug,NO,2021-10-25 22:13:30,58.6147,5.6457,50.9,84,86,13.69
442,Mehamn,NO,2021-10-25 22:13:30,71.0357,27.8492,32.04,88,83,24.52
443,Guerrero Negro,MX,2021-10-25 22:13:31,27.9769,-114.0611,71.13,62,22,17.16
444,Lowestoft,GB,2021-10-25 22:13:31,52.4752,1.7516,50.16,90,74,10.58
445,Pulivendla,IN,2021-10-25 22:13:31,14.4167,78.2333,74.79,77,38,3.85
446,Banda Aceh,ID,2021-10-25 22:13:32,5.5577,95.3222,78.3,82,100,6.64
447,Libreville,GA,2021-10-25 22:13:32,0.3925,9.4537,77.02,94,40,9.22
448,Cabatuan,PH,2021-10-25 22:13:32,10.8794,122.486,74.8,94,81,6.44
449,Stornoway,GB,2021-10-25 22:13:32,58.2093,-6.3865,46.36,87,20,10.36
450,Harqalah,TN,2021-10-25 22:13:33,36.0303,10.509,69.66,88,40,12.66
451,Kotelnich,RU,2021-10-25 22:13:33,58.3089,48.348,30.72,81,98,9.75
452,Oga,IT,2021-10-25 22:13:33,46.4631,10.347,34.68,60,81,1.32
453,Zeya,RU,2021-10-25 22:13:34,53.75,127.2667,34.02,92,100,2.84
454,Katobu,ID,2021-10-25 22:13:34,-4.9408,122.5276,76.05,90,98,2.93
455,Cascais,PT,2021-10-25 22:13:34,38.6979,-9.4215,62.51,72,0,10.0
456,West Wendover,US,2021-10-25 22:13:35,40.7391,-114.0733,45.61,76,90,24.16
457,Santa Rosa,PH,2021-10-25 22:13:35,14.3122,121.1114,78.85,78,66,7.61
458,Kuching,MY,2021-10-25 22:12:33,1.55,110.3333,77.22,94,40,2.3
459,Singaraja,ID,2021-10-25 22:13:35,-8.112,115.0882,76.96,83,87,3.29
460,Petropavlovsk-Kamchatskiy,RU,2021-10-25 22:13:36,53.0452,158.6483,32.59,75,40,4.47
461,Norman Wells,CA,2021-10-25 22:13:36,65.282,-126.8329,23.04,100,90,4.61
462,Meulaboh,ID,2021-10-25 22:13:36,4.1363,96.1285,74.64,91,97,3.83
463,Lamar,US,2021-10-25 22:13:37,33.6668,-95.5836,85.66,42,1,5.75
464,Altea,ES,2021-10-25 22:13:37,38.5989,-0.0514,64.69,74,65,3.69
465,Griffith,US,2021-10-25 22:08:56,41.5284,-87.4237,53.71,80,90,1.99
466,Colac,AU,2021-10-25 22:13:37,-38.3333,143.5833,55.17,71,1,3.22
467,Dingle,PH,2021-10-25 22:13:38,10.9995,122.6711,75.34,93,94,5.55
468,Ghanzi,BW,2021-10-25 22:13:38,-21.5667,21.7833,71.98,52,1,8.05
469,Dinguiraye,GN,2021-10-25 22:13:38,11.3,-10.7167,74.93,78,76,2.04
470,Asmara,ER,2021-10-25 22:13:39,15.3333,38.9333,59.41,71,13,1.83
471,Hokitika,NZ,2021-10-25 22:13:39,-42.7167,170.9667,55.87,94,100,4.14
472,Chaman,PK,2021-10-25 22:13:39,30.9236,66.4512,61.02,19,92,7.36
473,Launceston,AU,2021-10-25 22:13:40,-41.45,147.1667,53.8,74,90,5.01
474,Motygino,RU,2021-10-25 22:13:40,58.1831,94.7592,40.8,75,98,15.86
475,Sangueya,GN,2021-10-25 22:13:40,10.7,-14.3667,75.52,94,68,2.01
476,Jining,CN,2021-10-25 22:13:41,35.405,116.5814,52.59,75,91,5.48
477,Kota Belud,MY,2021-10-25 22:13:41,6.351,116.4305,76.86,90,95,3.94
478,Surt,LY,2021-10-25 22:13:41,31.2089,16.5887,72.9,70,5,6.78
479,Abilene,US,2021-10-25 22:12:31,32.4487,-99.7331,95.49,26,1,1.99
480,Waynesboro,US,2021-10-25 22:13:42,38.0685,-78.8895,67.55,75,90,16.11
481,Hami,CN,2021-10-25 22:13:42,42.8,93.45,46.08,35,0,7.11
482,Zimbor,RO,2021-10-25 22:13:42,47.0,23.2667,32.11,58,0,3.74
483,Zhicheng,CN,2021-10-25 22:13:43,30.2956,111.5047,59.32,69,100,2.48
484,Maarianhamina,AX,2021-10-25 22:13:43,60.0973,19.9348,46.26,81,90,6.91
485,Ziro,IN,2021-10-25 22:13:43,27.6333,93.8333,46.4,94,20,2.35
486,Key West,US,2021-10-25 22:13:44,24.5557,-81.7826,84.2,87,90,5.75
487,Douglas,US,2021-10-25 22:13:44,41.3,-96.167,56.5,64,1,4.0
488,Mount Gambier,AU,2021-10-25 22:12:51,-37.8333,140.7667,48.63,65,32,6.55
489,Gurupa,BR,2021-10-25 22:13:44,-1.405,-51.64,82.09,69,55,2.8
490,Korla,CN,2021-10-25 22:13:45,41.7597,86.1469,46.63,44,0,2.21
491,Aspindza,GE,2021-10-25 22:13:45,41.5739,43.2483,34.21,96,95,2.93
492,Petapa,GT,2021-10-25 22:13:45,14.5028,-90.5517,74.55,83,75,4.61
493,Palana,RU,2021-10-25 22:13:46,59.1167,159.9667,31.89,85,100,21.0
494,Birnin Kebbi,NG,2021-10-25 22:13:46,12.4539,4.1975,81.7,30,25,6.31
495,Vaitape,PF,2021-10-25 22:13:46,-16.5167,-151.75,76.78,84,96,7.34
496,Zhongshu,CN,2021-10-25 22:13:47,24.5167,103.7667,56.03,99,100,2.66
497,Norrtalje,SE,2021-10-25 22:13:47,59.758,18.705,47.01,89,100,6.55
498,Hella,NO,2021-10-25 22:13:47,67.2,14.4333,43.88,97,75,14.97
499,Sao Gabriel Da Cachoeira,BR,2021-10-25 22:13:48,-0.1303,-67.0892,74.28,96,96,0.98
500,Majene,ID,2021-10-25 22:13:48,-3.5403,118.9707,77.38,88,100,5.48
501,Angoram,PG,2021-10-25 22:13:48,-4.0625,144.0661,78.37,90,78,1.16
502,Ahipara,NZ,2021-10-25 22:13:49,-35.1667,173.1667,67.71,63,30,5.06
503,Kuala Terengganu,MY,2021-10-25 22:13:49,5.3302,103.1408,77.16,88,49,4.18
504,Turukhansk,RU,2021-10-25 22:13:50,65.8167,87.9833,14.22,97,100,6.35
505,Flinders,AU,2021-10-25 22:13:50,-34.5833,150.8552,65.8,67,2,1.99
506,Tarata,BO,2021-10-25 22:13:50,-17.6167,-66.0167,65.07,40,7,14.54
507,Wangkui,CN,2021-10-25 22:13:50,46.8333,126.5,39.45,93,29,6.69
508,Watsa,CD,2021-10-25 22:13:51,3.0372,29.5355,64.42,96,79,2.26
509,Hamilton,US,2021-10-25 22:12:07,39.1834,-84.5333,55.04,88,90,1.99
510,Taltal,CL,2021-10-25 22:10:20,-25.4,-70.4833,62.55,70,23,3.85
511,Forestville,US,2021-10-25 22:13:51,38.8451,-76.875,72.82,88,75,9.22
512,Abnub,EG,2021-10-25 22:13:52,27.2696,31.1511,69.89,49,0,7.4
513,Rumford,US,2021-10-25 22:13:52,44.5537,-70.5509,43.63,92,100,1.88
514,Ponta Delgada,PT,2021-10-25 22:13:52,37.7333,-25.6667,66.92,77,20,3.44
515,Umm Kaddadah,SD,2021-10-25 22:13:53,13.6017,26.6876,83.68,20,96,16.22
516,Camacha,PT,2021-10-25 22:13:53,33.0833,-16.3333,66.96,68,75,11.5
517,Lakatoro,VU,2021-10-25 22:13:53,-16.0999,167.4164,81.32,73,10,8.63
518,Kovilj,RS,2021-10-25 22:13:53,45.2278,20.0217,48.43,57,0,16.75
519,Hearst,CA,2021-10-25 22:13:02,49.6835,-83.6665,37.17,78,91,6.55
520,Carutapera,BR,2021-10-25 22:13:54,-1.195,-46.02,80.85,78,36,9.24
521,Saint-Augustin,CA,2021-10-25 22:13:54,51.226,-58.6502,40.08,61,57,11.99
522,Moshi,TZ,2021-10-25 22:13:54,-3.35,37.3333,71.37,74,55,4.63
523,Tautira,PF,2021-10-25 22:13:55,-17.7333,-149.15,82.42,76,91,3.83
524,Santa Cruz De Tenerife,ES,2021-10-25 22:09:26,28.4682,-16.2546,75.65,80,40,1.99
525,Cajabamba,PE,2021-10-25 22:13:55,-7.6167,-78.05,60.8,71,100,4.59
526,Labuhan,ID,2021-10-25 22:13:56,-6.8844,112.2051,79.34,78,57,4.43
527,Hay River,CA,2021-10-25 22:13:56,60.8156,-115.7999,43.07,79,71,10.94
528,Bonfim,BR,2021-10-25 22:13:56,3.0833,-59.95,81.18,78,100,6.26
529,Malanje,AO,2021-10-25 22:13:57,-9.5402,16.341,64.96,94,97,2.28
530,Vao,NC,2021-10-25 22:13:57,-22.6667,167.4833,72.09,69,51,11.25
531,Marsh Harbour,BS,2021-10-25 22:13:57,26.5412,-77.0636,79.56,82,100,10.4
532,Riyadh,SA,2021-10-25 22:11:35,24.6877,46.7219,75.34,40,0,8.01
533,Salekhard,RU,2021-10-25 22:13:58,66.53,66.6019,12.11,92,53,5.01
534,Hastings,GB,2021-10-25 22:13:58,50.8552,0.5729,53.53,90,47,10.56
535,Makakilo City,US,2021-10-25 22:13:58,21.3469,-158.0858,86.32,51,75,12.66
536,Isangel,VU,2021-10-25 22:13:59,-19.55,169.2667,79.36,75,11,9.8
537,Messina,IT,2021-10-25 22:09:39,38.1933,15.5497,63.45,90,20,5.01
538,Warmbad,NA,2021-10-25 22:13:59,-28.45,18.7333,72.52,15,75,6.69
539,Barabash,RU,2021-10-25 22:13:59,43.2,131.4833,37.08,80,0,3.22
540,Ostersund,SE,2021-10-25 22:14:00,63.1792,14.6357,37.62,100,20,4.61
541,Tabuk,PH,2021-10-25 22:14:00,17.4189,121.4443,71.31,93,100,1.97
542,Sai Buri,TH,2021-10-25 22:14:00,6.7013,101.6168,76.73,87,94,2.57
543,Veinticinco De Diciembre,MX,2021-10-25 22:14:01,25.2602,-104.0519,88.2,17,35,8.37
544,Catuday,PH,2021-10-25 22:14:01,16.2923,119.8062,77.79,76,99,11.83
545,Muros,ES,2021-10-25 22:14:02,42.7762,-9.0603,60.84,95,0,6.06
546,Itanagar,IN,2021-10-25 22:14:02,27.1,93.6167,63.52,84,0,3.8
547,Soller,ES,2021-10-25 22:14:03,39.7662,2.7152,67.86,81,100,3.49
548,Komsomolskiy,UZ,2021-10-25 22:14:03,40.4272,71.7189,47.62,27,1,3.33
549,Dubno,UA,2021-10-25 22:14:03,50.4169,25.7343,38.89,59,11,9.78
550,Collecchio,IT,2021-10-25 22:14:04,44.754,10.2184,50.56,81,59,3.96
551,Sitka,US,2021-10-25 22:14:04,57.0531,-135.33,48.09,66,75,0.0
552,Muli,MV,2021-10-25 22:09:26,2.9167,73.5667,82.65,76,100,16.93
553,Evensk,RU,2021-10-25 22:14:04,61.95,159.2333,13.19,82,61,6.96
554,Boguchany,RU,2021-10-25 22:14:05,58.3814,97.4531,41.7,78,71,16.55
555,Asyut,EG,2021-10-25 22:14:05,27.181,31.1837,69.91,49,0,7.61
556,Axim,GH,2021-10-25 22:14:05,4.8699,-2.2405,78.21,87,77,9.26
557,Chilca,PE,2021-10-25 22:14:06,-12.5211,-76.7372,63.84,84,44,9.1
558,Sankt Polten,AT,2021-10-25 22:14:06,48.2,15.6333,50.86,85,100,2.26
559,Katete,UG,2021-10-25 22:14:06,-0.7818,29.7544,60.01,95,60,3.0
560,Pampa,US,2021-10-25 22:14:07,35.5362,-100.9599,85.06,34,1,19.57
561,Krasnoarmeysk,RU,2021-10-25 22:14:07,51.0239,45.6969,31.3,71,55,6.8
562,Uray,RU,2021-10-25 22:14:08,60.1247,64.7758,29.17,74,100,10.54
563,Buala,SB,2021-10-25 22:14:08,-8.145,159.5921,83.66,71,44,7.4
564,Margate,GB,2021-10-25 22:14:08,51.3813,1.3862,51.96,89,73,12.59
565,Sorong,ID,2021-10-25 22:14:09,-0.8833,131.25,79.52,84,72,7.96
566,Sept-Iles,CA,2021-10-25 22:12:28,50.2001,-66.3821,46.06,84,4,4.0
567,San Carlos De Bariloche,AR,2021-10-25 22:11:00,-41.1456,-71.3082,47.01,88,100,10.13
568,Tublay,PH,2021-10-25 22:14:09,16.5431,120.6096,63.45,89,74,4.97
569,Yarkovo,RU,2021-10-25 22:14:09,57.4028,67.0786,35.92,98,100,6.78
570,Sumkino,RU,2021-10-25 22:14:10,58.1108,68.3244,35.91,98,100,5.21
571,Black River,JM,2021-10-25 22:14:10,18.0264,-77.8487,86.99,73,67,10.83
572,Izhma,RU,2021-10-25 22:14:10,65.0083,53.9113,17.55,97,59,2.95
573,Pacific Grove,US,2021-10-25 22:14:11,36.6177,-121.9166,64.8,77,20,5.01
574,Morehead,US,2021-10-25 22:14:11,37.2711,-87.1764,56.14,77,90,3.0
575,Namibe,AO,2021-10-25 22:14:11,-15.1961,12.1522,63.39,83,7,7.27
576,Lima,PE,2021-10-25 22:10:47,-12.0432,-77.0282,62.13,24,90,1.01
577,Duncan,US,2021-10-25 22:14:12,34.5023,-97.9578,80.82,38,1,13.8
578,Christchurch,NZ,2021-10-25 22:13:22,-43.5333,172.6333,61.92,79,90,1.99
579,Jinka,ET,2021-10-25 22:14:12,5.65,36.65,66.6,64,80,4.79
580,Kemijarvi,FI,2021-10-25 22:14:12,66.7131,27.4306,29.7,97,100,5.46
